{
  "title": "Homev",
  "titleTemplate": "| Bluise",
  "welcomeText": "# Yo, I'm Bluise - A Nuxt.js & Netlify CMS boilerplate.\n\nAuthentic cred hoodie hashtag selfies. Raclette banjo cardigan cred. Kitsch XOXO lomo polaroid. Knausgaard put a bird on it four dollar toast leggings typewriter asymmetrical.\n\n\n\n\n\nHIIIIIIIIIIIIIIIIIIIIIIIIIIII",
  "logo": "/images/uploads/logo.svg",
  "icon": "/images/uploads/logo.png",
  "loadingColor": "#0b3765",
  "seoDescription": "A quickstart for Nuxt & Netlify CMS",
  "seoMetaImage": ""
}